minerva_category,n_rows,mean_f1,exact_match_rate
Composite,21,0.5714285714285714,0.5714285714285714
Compute on Sets and Lists,21,0.38095238095238093,0.38095238095238093
Match and Compare,22,0.9090909090909091,0.9090909090909091
Recall and Edit,22,0.6363636363636364,0.6363636363636364
Search,22,0.6666666818181818,0.6363636363636364
Spot the Differences,21,0.03174604761904762,0.0
Stateful Processing,21,0.20408161904761907,0.19047619047619047
