gold_bin,n_rows,mean_f1
0,64,0.9375
1,55,0.2233766181818182
2,28,0.04761907142857143
3-5,2,0.0
6+,1,0.0
