gold_bin,n_rows,mean_f1
0,62,0.9838709677419355
1,54,0.17283951851851853
2,28,0.04166667857142857
3-5,2,0.0
6+,1,0.0
