minerva_category,n_rows,mean_f1,exact_match_rate
Composite,21,0.2857142857142857,0.2857142857142857
Compute on Sets and Lists,21,0.47619047619047616,0.47619047619047616
Match and Compare,22,1.0,1.0
Recall and Edit,22,0.4772727272727273,0.45454545454545453
Search,22,0.7045454545454546,0.6818181818181818
Spot the Differences,21,0.03174604761904762,0.0
Stateful Processing,21,0.38095238095238093,0.38095238095238093
