gold_bin,n_rows,mean_f1
0,64,0.84375
1,57,0.2982456140350877
2,23,0.028985521739130434
3-5,4,0.25
6+,2,0.0
