gold_bin,n_rows,mean_f1
0,64,0.875
1,55,0.25454547272727274
2,28,0.10119049999999999
3-5,2,0.2
6+,1,0.0
