minerva_category,n_rows,mean_f1,exact_match_rate
Composite,21,0.603174619047619,0.5714285714285714
Compute on Sets and Lists,21,0.42857142857142855,0.38095238095238093
Match and Compare,22,0.9545454545454546,0.9545454545454546
Recall and Edit,22,0.6545454545454545,0.6363636363636364
Search,22,0.37121213636363637,0.3181818181818182
Spot the Differences,21,0.06349209523809524,0.0
Stateful Processing,21,0.31746033333333334,0.2857142857142857
