gold_bin,n_rows,mean_f1
0,60,0.9
1,51,0.2549019607843137
2,31,0.15591403225806452
3-5,6,0.1031745
6+,2,0.0
