minerva_category,n_rows,mean_f1,exact_match_rate
Composite,21,0.2857142857142857,0.2857142857142857
Compute on Sets and Lists,21,0.42857142857142855,0.42857142857142855
Match and Compare,22,0.9090909090909091,0.9090909090909091
Recall and Edit,22,0.5281385454545454,0.45454545454545453
Search,22,0.6515151363636363,0.6363636363636364
Spot the Differences,21,0.11904766666666668,0.0
Stateful Processing,21,0.42857142857142855,0.42857142857142855
