minerva_category,n_rows,mean_f1,exact_match_rate
Composite,21,0.3333333333333333,0.3333333333333333
Compute on Sets and Lists,21,0.42857142857142855,0.42857142857142855
Match and Compare,22,0.7727272727272727,0.7727272727272727
Recall and Edit,22,0.4727272727272727,0.4090909090909091
Search,22,0.6287878636363636,0.5909090909090909
Spot the Differences,21,0.03174604761904762,0.0
Stateful Processing,21,0.6666666666666666,0.6666666666666666
