gold_bin,n_rows,mean_f1
0,60,0.8166666666666667
1,51,0.37254901960784315
2,31,0.09139787096774193
3-5,6,0.1777776666666667
6+,2,0.0
