gold_bin,n_rows,mean_f1
0,60,0.8833333333333333
1,51,0.0392156862745098
2,31,0.04301077419354839
3-5,6,0.0
6+,2,0.142857
