minerva_category,n_rows,mean_f1,exact_match_rate
Composite,21,0.36507938095238096,0.3333333333333333
Compute on Sets and Lists,21,0.3469387619047619,0.3333333333333333
Match and Compare,22,0.8636363636363636,0.8636363636363636
Recall and Edit,22,0.39393940909090913,0.36363636363636365
Search,22,0.5454545454545454,0.5454545454545454
Spot the Differences,21,0.0,0.0
Stateful Processing,21,0.09523809523809523,0.09523809523809523
