minerva_category,count,share
Search,372,0.8266666666666667
Match and Compare,15,0.03333333333333333
Composite,15,0.03333333333333333
Spot the Differences,15,0.03333333333333333
Recall and Edit,15,0.03333333333333333
Compute on Sets and Lists,9,0.02
Stateful Processing,9,0.02
