combined_source,count,share
original,420,0.9333333333333333
story_synthetic,30,0.06666666666666667
