minerva_category,n_rows,mean_f1,exact_match_rate
Match and Compare,22,0.9090909090909091,0.9090909090909091
Search,22,0.5909090909090909,0.5909090909090909
Recall and Edit,22,0.5454545454545454,0.5454545454545454
Compute on Sets and Lists,21,0.3333333333333333,0.3333333333333333
Composite,21,0.3333333333333333,0.3333333333333333
Stateful Processing,21,0.047619047619047616,0.047619047619047616
Spot the Differences,21,0.0,0.0
