minerva_category,n_rows,mean_f1,exact_match_rate
Composite,21,0.2857142857142857,0.2857142857142857
Compute on Sets and Lists,21,0.39285714285714285,0.38095238095238093
Match and Compare,22,1.0,1.0
Recall and Edit,22,0.7303030454545454,0.6818181818181818
Search,22,0.6227272727272727,0.5909090909090909
Spot the Differences,21,0.03174604761904762,0.0
Stateful Processing,21,0.2857142857142857,0.2857142857142857
