gold_bin,n_rows,mean_f1
0,64,0.921875
1,57,0.19298245614035087
2,23,0.05797104347826087
3-5,4,0.225
6+,2,0.225
