minerva_category,n_rows,mean_f1,exact_match_rate
Composite,21,0.38095238095238093,0.38095238095238093
Compute on Sets and Lists,21,0.5238095238095238,0.5238095238095238
Match and Compare,22,0.9090909090909091,0.9090909090909091
Recall and Edit,22,0.6212121363636364,0.5909090909090909
Search,22,0.5681818181818182,0.5454545454545454
Spot the Differences,21,0.2063492857142857,0.047619047619047616
Stateful Processing,21,0.6984127142857143,0.6666666666666666
