gold_bin,n_rows,mean_f1
0,64,0.875
1,57,0.3801169649122807
2,23,0.26086965217391306
3-5,4,0.125
6+,2,0.0
