gold_bin,n_rows,mean_f1
0,64,0.828125
1,57,0.3011695964912281
2,23,0.23188417391304347
3-5,4,0.0
6+,2,0.1
