minerva_category,n_rows,mean_f1,exact_match_rate
Composite,21,0.2222222380952381,0.19047619047619047
Compute on Sets and Lists,21,0.5714285714285714,0.5714285714285714
Match and Compare,22,0.9090909090909091,0.9090909090909091
Recall and Edit,22,0.6666666818181818,0.6363636363636364
Search,22,0.4636363636363636,0.45454545454545453
Spot the Differences,21,0.22222233333333333,0.0
Stateful Processing,21,0.4523809523809524,0.42857142857142855
