minerva_category,n_rows,mean_f1,exact_match_rate
Match and Compare,22,1.0,1.0
Recall and Edit,22,0.6363636363636364,0.6363636363636364
Search,22,0.45454545454545453,0.45454545454545453
Compute on Sets and Lists,21,0.38095238095238093,0.38095238095238093
Composite,21,0.38095238095238093,0.38095238095238093
Stateful Processing,21,0.09523809523809523,0.09523809523809523
Spot the Differences,21,0.0,0.0
