minerva_category,n_rows,mean_f1,exact_match_rate
Composite,21,0.3333333333333333,0.3333333333333333
Compute on Sets and Lists,21,0.40238095238095234,0.38095238095238093
Match and Compare,22,0.9090909090909091,0.9090909090909091
Recall and Edit,22,0.4848485,0.45454545454545453
Search,22,0.6515151363636363,0.6363636363636364
Spot the Differences,21,0.03174604761904762,0.0
Stateful Processing,21,0.19047619047619047,0.19047619047619047
