gold_bin,n_rows,mean_f1
0,60,0.9666666666666667
1,51,0.0784313725490196
2,31,0.07526883870967742
3-5,6,0.0555555
6+,2,0.225
