minerva_category,n_rows,mean_f1,exact_match_rate
Match and Compare,22,1.0,1.0
Recall and Edit,22,0.6363636363636364,0.6363636363636364
Composite,21,0.5238095238095238,0.5238095238095238
Search,22,0.45454545454545453,0.45454545454545453
Compute on Sets and Lists,21,0.3333333333333333,0.3333333333333333
Spot the Differences,21,0.0,0.0
Stateful Processing,21,0.0,0.0
