minerva_category,n_rows,mean_f1,exact_match_rate
Composite,21,0.31746033333333334,0.2857142857142857
Compute on Sets and Lists,21,0.3333333333333333,0.3333333333333333
Match and Compare,22,0.8636363636363636,0.8636363636363636
Recall and Edit,22,0.5151515,0.5
Search,22,0.5151515,0.5
Spot the Differences,21,0.07936509523809523,0.047619047619047616
Stateful Processing,21,0.4126984285714286,0.38095238095238093
