gold_bin,n_rows,mean_f1
0,60,0.8333333333333334
1,51,0.24183007843137255
2,31,0.08602151612903225
3-5,6,0.111111
6+,2,0.0
