gold_bin,n_rows,mean_f1
0,64,0.921875
1,55,0.09090909090909091
2,28,0.05357142857142857
3-5,2,0.0
6+,1,0.25
