minerva_category,n_rows,mean_f1,exact_match_rate
Composite,21,0.38095238095238093,0.38095238095238093
Compute on Sets and Lists,21,0.35714285714285715,0.3333333333333333
Match and Compare,22,1.0,1.0
Recall and Edit,22,0.5909090909090909,0.5909090909090909
Search,22,0.5113636363636364,0.5
Spot the Differences,21,0.047619047619047616,0.047619047619047616
Stateful Processing,21,0.14285714285714285,0.14285714285714285
