model,n,chronological_awareness_score,ci_low,ci_high
Llama3.1_8B_instruct,900,0.423563873015873,0.3648063071704641,0.4835483218608256
Qwen2.5_14B_Instruct,900,0.3295068015873016,0.27284974328026146,0.3883400798380741
Phi3_mini_4K_instruct,900,0.3505291031746032,0.29253357588520623,0.4085178238421859
Qwen3_4B_Instruct,897,0.262466668,0.21201361388098813,0.31526322665907963
