dataset,mode,mean_f1,exact_match_rate
NEWS,DP,0.44111125,0.43833350000000004
NEWS,RAG,0.4930195,0.46901349999999997
SCIFI,DP,0.46063925,0.44500025
SCIFI,RAG,0.5136665,0.4933335
THRILLER,DP,0.39650775000000005,0.39
THRILLER,RAG,0.4585595,0.43833325
