book,n,mean_diff_f1,ci_low,ci_high
SCIFI,600,-0.05302778,-0.08873055666666667,-0.016691667208333323
NEWS,597,-0.053074906197654946,-0.08556822914572866,-0.021695386767169183
THRILLER,600,-0.06205158833333333,-0.09331071545833333,-0.030880062083333333
