model,n,mean_diff_f1,ci_low,ci_high
Llama3.1_8B_instruct,450,-0.034555553333333336,-0.08033306650000001,0.009588234666666667
Qwen3_4B_Instruct,447,-0.0573825548098434,-0.08318419463087248,-0.03374254658836689
Qwen2.5_14B_Instruct,450,-0.05792593111111111,-0.0974456415,-0.020336644833333327
Phi3_mini_4K_instruct,450,-0.07437037777777777,-0.1160759296111111,-0.031259266611111114
