method,error_bucket,n,pct
DP,Exact Match,764,42.44444444444444
DP,"Low F1 (0,0.5)",8,0.4444444444444444
DP,"Mid F1 [0.5,1)",20,1.1111111111111112
DP,Zero F1,1008,56.0
RAG,Exact Match,839,46.68892598775737
RAG,"Low F1 (0,0.5)",13,0.7234279354479688
RAG,"Mid F1 [0.5,1)",55,3.060656649972176
RAG,Zero F1,890,49.52698942682248
