model,n,mean_f1,ci_low,ci_high
Llama3.1_8B_instruct,900,0.4792830766666667,0.4476132343888889,0.5104106552777777
Qwen2.5_14B_Instruct,900,0.4624127033333333,0.42944881625000003,0.4947886973055555
Phi3_mini_4K_instruct,900,0.4549629666666667,0.42196203961111106,0.48729630002777785
Qwen3_4B_Instruct,897,0.44554069342251945,0.41350520512820516,0.4780383697603121
