model,method,n_rows,mean_f1,median_f1,mean_precision,mean_recall,exact_match_rate
Llama3.1_8B_instruct,DP,450,0.4620053,0.0,0.4729629622222222,0.5664903,0.44
Llama3.1_8B_instruct,RAG,450,0.49656085333333333,0.666667,0.5059259266666667,0.5716296288888889,0.47555555555555556
Phi3_mini_4K_instruct,DP,450,0.4177777777777778,0.0,0.4177777777777778,0.4177777777777778,0.4177777777777778
Phi3_mini_4K_instruct,RAG,450,0.4921481555555555,0.5,0.5011111111111111,0.5664444444444444,0.4666666666666667
Qwen2.5_14B_Instruct,DP,450,0.4334497377777778,0.0,0.44555555555555554,0.47699294444444446,0.4222222222222222
Qwen2.5_14B_Instruct,RAG,450,0.4913756688888889,0.5,0.5029629622222223,0.5312592577777778,0.4666666666666667
Qwen3_4B_Instruct,DP,450,0.4177777777777778,0.0,0.4177777777777778,0.4177777777777778,0.4177777777777778
Qwen3_4B_Instruct,RAG,447,0.47348993736017897,0.0,0.48322147651006714,0.5009445682326622,0.45861297539149887
