book,method,n_rows,mean_f1,median_f1,mean_precision,mean_recall,exact_match_rate
NEWS,DP,600,0.4411111116666667,0.0,0.44333333333333336,0.4738095233333333,0.43833333333333335
NEWS,RAG,597,0.49305257286432164,0.5,0.49748743718592964,0.5364321608040201,0.46901172529313234
SCIFI,DP,600,0.460638895,0.0,0.4713888883333333,0.49241402,0.445
SCIFI,RAG,600,0.513666675,0.666667,0.5241666666666667,0.5765740716666666,0.49333333333333335
THRILLER,DP,600,0.39650793833333337,0.0,0.4008333333333333,0.44305555666666663,0.39
THRILLER,RAG,600,0.45855952666666666,0.0,0.47333333333333333,0.51487963,0.43833333333333335
