book,n_rows,mean_f1,median_f1,mean_precision,mean_recall,exact_match_rate
SCIFI,1200,0.48715278500000003,0.1,0.4977777775,0.5344940458333334,0.4691666666666667
NEWS,1197,0.4670167527151211,0.0,0.4703425229741019,0.5050423675856307,0.45363408521303256
THRILLER,1200,0.4275337325,0.0,0.4370833333333333,0.47896759333333333,0.4141666666666667
