method,n_rows,mean_f1,median_f1,mean_precision,mean_recall,exact_match_rate
RAG,1797,0.48841853478018915,0.333333,0.498330550918197,0.5426389654980522,0.46688925987757374
DP,1800,0.4327526483333333,0.0,0.43851851833333333,0.4697597,0.42444444444444446
