pair_outcome,n,pct
RAG loses,125,6.9560378408458545
RAG wins,244,13.578185865331108
Tie,1428,79.46577629382304
