minerva_category,n_rows,mean_f1,exact_match_rate
Composite,21,0.5238095238095238,0.5238095238095238
Compute on Sets and Lists,21,0.40476190476190477,0.38095238095238093
Match and Compare,22,1.0,1.0
Recall and Edit,22,0.6363636363636364,0.6363636363636364
Search,22,0.6060606363636364,0.5454545454545454
Spot the Differences,21,0.12698419047619047,0.0
Stateful Processing,21,0.21428571428571427,0.19047619047619047
