gold_bin,n_rows,mean_f1
0,64,0.953125
1,55,0.2030303090909091
2,28,0.13690482142857144
3-5,2,0.0
6+,1,0.0
