gold_bin,n_rows,mean_f1
0,64,0.90625
1,55,0.2121212181818182
2,28,0.03571428571428571
3-5,2,0.0
6+,1,0.25
