minerva_category,n_rows,mean_f1,exact_match_rate
Composite,21,0.42857142857142855,0.42857142857142855
Compute on Sets and Lists,21,0.3333333333333333,0.3333333333333333
Match and Compare,22,0.9090909090909091,0.9090909090909091
Recall and Edit,22,0.5909090909090909,0.5909090909090909
Search,22,0.5113636363636364,0.5
Spot the Differences,21,0.047619047619047616,0.047619047619047616
Stateful Processing,21,0.4603174761904762,0.42857142857142855
