minerva_category,n_rows,mean_f1,exact_match_rate
Composite,21,0.23809523809523808,0.23809523809523808
Compute on Sets and Lists,21,0.5079365238095238,0.47619047619047616
Match and Compare,22,0.8636363636363636,0.8636363636363636
Recall and Edit,22,0.6666666818181818,0.6363636363636364
Search,22,0.5,0.5
Spot the Differences,21,0.09523814285714287,0.0
Stateful Processing,21,0.6666666666666666,0.6666666666666666
