gold_bin,n_rows,mean_f1
0,64,0.78125
1,57,0.4269005964912281
2,23,0.08695656521739131
3-5,4,0.0
6+,2,0.0
