minerva_category,n_rows,mean_f1,exact_match_rate
Composite,21,0.38095238095238093,0.38095238095238093
Compute on Sets and Lists,21,0.47619047619047616,0.47619047619047616
Match and Compare,22,1.0,1.0
Recall and Edit,22,0.6363636363636364,0.6363636363636364
Search,22,0.6227272727272727,0.5909090909090909
Spot the Differences,21,0.06349209523809524,0.0
Stateful Processing,21,0.2857142857142857,0.2857142857142857
