gold_bin,n_rows,mean_f1
0,64,0.96875
1,57,0.17543859649122806
2,23,0.10144930434782608
3-5,4,0.125
6+,2,0.1
