minerva_category,n_rows,mean_f1,exact_match_rate
Composite,21,0.36507938095238096,0.3333333333333333
Compute on Sets and Lists,21,0.39455780952380953,0.38095238095238093
Match and Compare,22,0.8636363636363636,0.8636363636363636
Recall and Edit,22,0.39393940909090913,0.36363636363636365
Search,22,0.5,0.5
Spot the Differences,21,0.0,0.0
Stateful Processing,21,0.31746033333333334,0.2857142857142857
